Date,GSPC_Close,GSPC_pct,GSPC_ma5,VIX_Close,VIX_pct,VIX_ma5
,^GSPC,,,^VIX,,
2023-12-22,4754.6298828125,0.0016600585268868873,4750.68994140625,13.029999732971191,-0.045421238306660006,13.339999675750732
2023-12-26,4774.75,0.0042316894655107795,4758.7099609375,12.989999771118164,-0.003069835968746104,13.223333040873209
2023-12-27,4781.580078125,0.0014304577464787638,4764.427490234375,12.430000305175781,-0.04311004432713539,13.024999856948853
2023-12-28,4783.35009765625,0.0003701746080437829,4768.21201171875,12.470000267028809,0.0032180177691847334,12.913999938964844
2023-12-29,4769.830078125,-0.0028264750133749628,4772.82802734375,12.449999809265137,-0.001603885913022296,12.673999977111816
2024-01-02,4742.830078125,-0.005660579005492328,4770.46806640625,13.199999809265137,0.06024096477831753,12.707999992370606
2024-01-03,4704.81005859375,-0.008016314922730805,4756.480078125,14.039999961853027,0.06363637611557316,12.918000030517579
2024-01-04,4688.68017578125,-0.0034283812973570083,4737.90009765625,14.130000114440918,0.006410267295756666,13.257999992370605
2024-01-05,4697.240234375,0.0018256861788026324,4720.678125,13.350000381469727,-0.05520167916870922,13.434000015258789
2024-01-08,4763.5400390625,0.014114629309846638,4719.4201171875,13.079999923706055,-0.020224752812624813,13.560000038146972
2024-01-09,4756.5,-0.0014779006799081618,4722.1541015625,12.760000228881836,-0.02446480861549971,13.472000122070312
2024-01-10,4783.4501953125,0.00566597189372442,4737.88212890625,12.6899995803833,-0.00548594414129322,13.202000045776368
2024-01-11,4780.240234375,-0.0006710555783868699,4756.194140625,12.4399995803833,-0.019700552266877946,12.863999938964843
2024-01-12,4783.830078125,0.0007509755941104146,4773.512109375,12.699999809265137,0.020900340647264315,12.733999824523925
2024-01-16,4765.97998046875,-0.0037313402367431525,4774.00009765625,13.84000015258789,0.08976380790896399,12.885999870300292
2024-01-17,4739.2099609375,-0.005616897183990499,4770.54208984375,14.789999961853027,0.06864160395890595,13.291999816894531
2024-01-18,4780.93994140625,0.008805260963896,4770.0400390625,14.130000114440918,-0.04462473624843866,13.579999923706055
2024-01-19,4839.81005859375,0.012313502764936146,4781.95400390625,13.300000190734863,-0.058740263056175857,13.752000045776366
2024-01-22,4850.43017578125,0.0021943252026270788,4795.2740234375,13.1899995803833,-0.00827072246421412,13.85
2024-01-23,4864.60009765625,0.002921374261968035,4814.998046875,12.550000190734863,-0.04852156254805884,13.592000007629395
2024-01-24,4868.5498046875,0.0008119284117831249,4840.866015625,13.140000343322754,0.04701196363514493,13.26200008392334
2024-01-25,4894.16015625,0.005260365527706368,4863.51005859375,13.449999809265137,0.02359204397585213,13.126000022888183
2024-01-26,4890.97021484375,-0.0006517852510764532,4873.74208984375,13.260000228881836,-0.014126363054103419,13.118000030517578
2024-01-29,4927.93017578125,0.007556774896180896,4889.24208984375,13.600000381469727,0.02564103670581619,13.200000190734864
2024-01-30,4924.97021484375,-0.0006006499345398986,4901.31611328125,13.3100004196167,-0.02132352600873144,13.35200023651123
2024-01-31,4845.64990234375,-0.016105744611597972,4896.7361328125,14.350000381469727,0.07813673396435372,13.594000244140625
2024-02-01,4906.18994140625,0.012493688211609788,4899.14208984375,13.880000114440918,-0.03275263097802583,13.680000305175781
2024-02-02,4958.60986328125,0.01068444607751462,4912.67001953125,13.850000381469727,-0.0021613640290952807,13.79800033569336
2024-02-05,4942.81005859375,-0.0031863375266721894,4915.64599609375,13.670000076293945,-0.012996411568089838,13.812000274658203
2024-02-06,4954.22998046875,0.0023104108269635937,4921.49794921875,13.0600004196167,-0.04462323725477424,13.762000274658202
2024-02-07,4995.06005859375,0.008241457963390042,4951.37998046875,12.829999923706055,-0.0176110634395672,13.458000183105469
2024-02-08,4997.91015625,0.0005705832608251526,4969.7240234375,12.789999961853027,-0.0031176899525243718,13.240000152587891
2024-02-09,5026.60986328125,0.0057423415255595245,4983.3240234375,12.930000305175781,0.010946078478523358,13.056000137329102
2024-02-12,5021.83984375,-0.0009489536011326738,4999.12998046875,13.930000305175781,0.07733951866959421,13.108000183105469
2024-02-13,4953.169921875,-0.013674255653625456,4998.91796875,15.850000381469727,0.13783201968635694,13.666000175476075
2024-02-14,5000.6201171875,0.009579763275017639,5000.02998046875,14.380000114440918,-0.09274449411038432,13.976000213623047
2024-02-15,5029.72998046875,0.005821250684729495,5006.3939453125,14.010000228881836,-0.02573017264356725,14.220000267028809
2024-02-16,5005.56982421875,-0.0048034698371121065,5002.1859375,14.239999771118164,0.016416812168366768,14.482000160217286
2024-02-20,4975.509765625,-0.006005322001165325,4992.919921875,15.420000076293945,0.082865191302115,14.780000114440918
2024-02-21,4981.7998046875,0.001264199922982101,4998.6458984375,15.34000015258789,-0.005188062471480959,14.67800006866455
2024-02-22,5087.02978515625,0.02112288421741404,5015.92783203125,14.539999961853027,-0.05215125050698921,14.710000038146973
2024-02-23,5088.7998046875,0.0003479475462115911,5027.741796875,13.75,-0.054332872347019445,14.657999992370605
2024-02-26,5069.52978515625,-0.003786751350190576,5040.5337890625,13.739999771118164,-0.0007272893732244157,14.557999992370606
2024-02-27,5078.18017578125,0.0017063496993998672,5061.06787109375,13.430000305175781,-0.022561824680231046,14.160000038146972
2024-02-28,5069.759765625,-0.001658155060430544,5078.65986328125,13.84000015258789,0.030528655107632474,13.860000038146973
2024-02-29,5096.27001953125,0.005229094697149161,5080.50791015625,13.399999618530273,-0.03179194575191846,13.631999969482422
2024-03-01,5137.080078125,0.00800782894888763,5090.16396484375,13.109999656677246,-0.021641788814083185,13.50399990081787
2024-03-04,5130.9501953125,-0.0011932620709189656,5102.448046875,13.489999771118164,0.02898551673472971,13.453999900817871
2024-03-05,5078.64990234375,-0.010193100883444606,5102.5419921875,14.460000038146973,0.07190513591449865,13.65999984741211
2024-03-06,5104.759765625,0.005141103203274655,5109.5419921875,14.5,0.0027662490835065334,13.791999816894531
2024-03-07,5157.35986328125,0.010304127925951478,5121.7599609375,14.4399995803833,-0.004137959973565475,13.999999809265137
2024-03-08,5123.68994140625,-0.0065285190034379825,5119.08193359375,14.739999771118164,0.020775637081209553,14.32599983215332
2024-03-11,5117.93994140625,-0.001122238087346461,5116.4798828125,15.220000267028809,0.032564484624427736,14.67199993133545
2024-03-12,5175.27001953125,0.011201787981366396,5135.80390625,13.84000015258789,-0.09067017675620026,14.547999954223632
2024-03-13,5165.31005859375,-0.0019245297153407392,5147.91396484375,13.75,-0.00650290112685159,14.397999954223632
2024-03-14,5150.47998046875,-0.0028710915621273925,5146.53798828125,14.399999618530273,0.04727269952947433,14.389999961853027
2024-03-15,5117.08984375,-0.006482917484461503,5145.21796875,14.40999984741211,0.0006944603574132735,14.323999977111816
2024-03-18,5149.419921875,0.006318059504952345,5151.51396484375,14.329999923706055,-0.005551694972461885,14.145999908447266
2024-03-19,5178.509765625,0.0056491496501236416,5152.1619140625,13.819999694824219,-0.03558968817844477,14.141999816894531
2024-03-20,5224.6201171875,0.008904173912846591,5164.02392578125,13.039999961853027,-0.056439924037285816,13.999999809265137
2024-03-21,5241.52978515625,0.0032365354015160275,5182.23388671875,12.920000076293945,-0.009202445238506662,13.703999900817871
2024-03-22,5234.18017578125,-0.0014021878490156903,5205.651953125,13.0600004196167,0.010835939821674634,13.434000015258789
2024-03-25,5218.18994140625,-0.0030549644525015296,5219.40595703125,13.1899995803833,0.009953993613303291,13.205999946594238
2024-03-26,5203.580078125,-0.002799795225030266,5224.42001953125,13.239999771118164,0.003790765149775055,13.089999961853028
2024-03-27,5248.490234375,0.008630626525532925,5229.19404296875,12.779999732971191,-0.0347432058987206,13.03799991607666
2024-03-28,5254.35009765625,0.0011164855071790214,5231.75810546875,13.010000228881836,0.017996909289228258,13.055999946594238
2024-04-01,5243.77001953125,-0.0020135845401164643,5233.67607421875,13.649999618530273,0.04919288073705452,13.173999786376953
2024-04-02,5205.81005859375,-0.0072390590731691296,5231.20009765625,14.609999656677246,0.0703296750897886,13.457999801635742
2024-04-03,5211.490234375,0.001091122364688113,5232.78212890625,14.329999923706055,-0.019164937683158856,13.67599983215332
2024-04-04,5147.2099609375,-0.012334336350379616,5212.52607421875,16.350000381469727,0.14096304734949738,14.389999961853027
2024-04-05,5204.33984375,0.011099194174331695,5202.5240234375,16.030000686645508,-0.019571846321599473,14.994000053405761
2024-04-08,5202.39013671875,-0.00037463099831791524,5194.248046875,15.1899995803833,-0.05240181349224815,15.302000045776367
2024-04-09,5209.91015625,0.0014454931932483817,5195.06806640625,14.979999542236328,-0.013824887685854326,15.376000022888183
2024-04-10,5160.64013671875,-0.009456980649108493,5184.898046875,15.800000190734863,0.05473969783420429,15.670000076293945
2024-04-11,5199.06005859375,0.007444797710585593,5195.26806640625,14.90999984741211,-0.05632913497334324,15.381999969482422
2024-04-12,5123.41015625,-0.01455068829580164,5179.08212890625,17.309999465942383,0.16096577083110009,15.637999725341796
2024-04-15,5061.81982421875,-0.01202135494776202,5150.96806640625,19.229999542236328,0.11091855202373435,16.445999717712404
2024-04-16,5051.41015625,-0.0020565070133361507,5119.26806640625,18.399999618530273,-0.04316172352906522,17.129999732971193
2024-04-17,5022.2099609375,-0.005780602724641426,5091.58203125,18.209999084472656,-0.010326116195473745,17.61199951171875
2024-04-18,5011.1201171875,-0.002208160119998248,5053.99404296875,18.0,-0.011532075509642303,18.229999542236328
2024-04-19,4967.22998046875,-0.00875854812743615,5022.7580078125,18.709999084472656,0.039444393581814285,18.509999465942382
2024-04-22,5010.60009765625,0.008731248071466746,5012.5140625,16.940000534057617,-0.09460174436266822,18.051999664306642
2024-04-23,5070.5498046875,0.011964576270872662,5016.3419921875,15.6899995803833,-0.07378990048797274,17.509999656677245
2024-04-24,5071.6298828125,0.0002130100613548791,5026.2259765625,15.970000267028809,0.017845805872141796,17.061999893188478
2024-04-25,5048.419921875,-0.004576430353515626,5033.6859375,15.369999885559082,-0.03757046784203688,16.535999870300294
2024-04-26,5099.9599609375,0.01020914263474304,5060.23193359375,15.029999732971191,-0.022121025056567434,15.8
2024-04-29,5116.169921875,0.0031784486665891176,5081.3458984375,14.670000076293945,-0.023952073391426465,15.345999908447265
2024-04-30,5035.68994140625,-0.01573051358686217,5074.37392578125,15.649999618530273,0.06680296776684846,15.33799991607666
2024-05-01,5018.39013671875,-0.0034354388154940185,5063.7259765625,15.390000343322754,-0.01661337262268492,15.22199993133545
2024-05-02,5064.2001953125,0.009128437077573048,5066.88203125,14.680000305175781,-0.04613385460092079,15.08400001525879
2024-05-03,5127.7900390625,0.012556739721478527,5072.448046875,13.489999771118164,-0.08106270499449886,14.776000022888184
2024-05-06,5180.740234375,0.01032612390701182,5085.362109375,13.489999771118164,0.0,14.539999961853027
2024-05-07,5187.7001953125,0.0013434298232750663,5115.76416015625,13.229999542236328,-0.01927355324634561,14.055999946594238
2024-05-08,5187.669921875,-5.835618166138978e-06,5149.6201171875,13.0,-0.017384697671535276,13.577999877929688
2024-05-09,5214.080078125,0.005090947698625836,5179.59609375,12.6899995803833,-0.023846186124361513,13.179999732971192
2024-05-10,5222.68017578125,0.001649398844549843,5198.57412109375,12.550000190734863,-0.011032261172400193,12.99199981689453
2024-05-13,5221.419921875,-0.00024130405535727206,5206.71005859375,13.600000381469727,0.08366535257186958,13.013999938964844
2024-05-14,5246.68017578125,0.004837813139759728,5218.5060546875,13.420000076293945,-0.013235316185802093,13.052000045776367
2024-05-15,5308.14990234375,0.011715927882596233,5242.60205078125,12.449999809265137,-0.07228019832446109,12.942000007629394
2024-05-16,5297.10009765625,-0.0020816677921287052,5259.2060546875,12.420000076293945,-0.0024096171430353364,12.888000106811523
2024-05-17,5303.27001953125,0.0011647735102702228,5275.3240234375,11.989999771118164,-0.034621602458483336,12.776000022888184
2024-05-20,5308.1298828125,0.0009163899374069473,5292.666015625,12.149999618530273,0.01334444123990064,12.485999870300294
2024-05-21,5321.41015625,0.002501874243978186,5307.61201171875,11.859999656677246,-0.023868310366918943,12.173999786376953
2024-05-22,5307.009765625,-0.002706123039226127,5307.383984375,12.289999961853027,0.03625635055846632,12.141999816894531
2024-05-23,5267.83984375,-0.0073807894850155265,5301.53193359375,12.770000457763672,0.03905618367782915,12.211999893188477
2024-05-24,5304.72021484375,0.0070010425881694704,5301.82197265625,11.930000305175781,-0.06577917952048329,12.2
2024-05-28,5306.0400390625,0.0002488018529340774,5301.40400390625,12.920000076293945,0.08298405245544349,12.354000091552734
2024-05-29,5266.9501953125,-0.007367046509680453,5290.51201171875,14.279999732971191,0.10526313070017856,12.838000106811524
2024-05-30,5235.47998046875,-0.005975035585443322,5276.2060546875,14.470000267028809,0.01330535977664793,13.27400016784668
2024-05-31,5277.509765625,0.00802787620486467,5278.1400390625,12.920000076293945,-0.10711818674023643,13.304000091552734
2024-06-03,5283.39990234375,0.0011160825806737495,5273.8759765625,13.109999656677246,0.014705849788028802,13.539999961853027
2024-06-04,5291.33984375,0.0015028090913065117,5270.9359375,13.15999984741211,0.003813897181103032,13.58799991607666
2024-06-05,5354.02978515625,0.011847649793331305,5288.35185546875,12.630000114440918,-0.04027353640702469,13.257999992370605
2024-06-06,5352.9599609375,-0.00019981663563317653,5311.8478515625,12.579999923706055,-0.00395884325271656,12.879999923706055
2024-06-07,5346.990234375,-0.0011152197300303701,5325.7439453125,12.220000267028809,-0.028616825028659476,12.739999961853027
2024-06-10,5360.7900390625,0.0025808546645145203,5341.22197265625,12.739999771118164,0.042553149977613725,12.66599998474121
2024-06-11,5375.31982421875,0.0027103813151374556,5358.01796875,12.850000381469727,0.008634270983343129,12.604000091552734
2024-06-12,5421.02978515625,0.008503672791998707,5371.41796875,12.039999961853027,-0.06303505023896772,12.486000061035156
2024-06-13,5433.740234375,0.0023446558536817097,5387.5740234375,11.9399995803833,-0.008305679550378975,12.357999992370605
2024-06-14,5431.60009765625,-0.000393860697500914,5404.49599609375,12.65999984741211,0.060301532021133974,12.445999908447266
2024-06-17,5473.22998046875,0.007664386564552705,5426.983984375,12.75,0.0071090168777756535,12.447999954223633
2024-06-18,5487.02978515625,0.0025213273947457537,5449.3259765625,12.300000190734863,-0.03529410268746169,12.33799991607666
2024-06-20,5473.169921875,-0.0025259318472709014,5459.75400390625,13.279999732971191,0.07967475829590032,12.585999870300293
2024-06-21,5464.6201171875,-0.001562130321101196,5465.92998046875,13.199999809265137,-0.006024090761646117,12.83799991607666
2024-06-24,5447.8701171875,-0.003065171894990004,5469.183984375,13.329999923706055,0.009848493660558288,12.97199993133545
2024-06-25,5469.2998046875,0.003933590015736899,5468.39794921875,12.84000015258789,-0.03675917283740937,12.989999961853027
2024-06-26,5477.89990234375,0.0015724312002203256,5466.57197265625,12.550000190734863,-0.022585666542580096,13.039999961853027
2024-06-27,5482.8701171875,0.0009073212238914774,5468.51201171875,12.239999771118164,-0.024701228279307874,12.831999969482421
2024-06-28,5460.47998046875,-0.004083652583445674,5467.683984375,12.4399995803833,0.01633985400367921,12.679999923706054
2024-07-01,5475.08984375,0.0026755639309195,5473.1279296875,12.220000267028809,-0.017684832859754307,12.457999992370606
2024-07-02,5509.009765625,0.006195317856513505,5481.069921875,12.029999732971191,-0.015548324869538943,12.295999908447266
2024-07-03,5537.02001953125,0.005084444409779065,5492.8939453125,12.09000015258789,0.004987566163634494,12.203999900817871
2024-07-05,5567.18994140625,0.005448765178485582,5509.75791015625,12.479999542236328,0.03225801362500036,12.251999855041504
2024-07-08,5572.85009765625,0.0010166989647510949,5532.23193359375,12.369999885559082,-0.008814075377564845,12.23799991607666
2024-07-09,5576.97998046875,0.0007410719362856977,5552.6099609375,12.510000228881836,0.01131773198205055,12.295999908447266
2024-07-10,5633.91015625,0.010208065293514812,5577.5900390625,12.850000381469727,0.02717826909410692,12.460000038146973
2024-07-11,5584.5400390625,-0.008763028841120457,5587.09404296875,12.920000076293945,0.00544744690631771,12.626000022888183
2024-07-12,5615.35009765625,0.0055170270744306915,5596.72607421875,12.460000038146973,-0.035603717912586985,12.622000122070313
2024-07-15,5631.22021484375,0.0028262026252154904,5608.40009765625,13.119999885559082,0.0529694899993165,12.772000122070313
2024-07-16,5667.2001953125,0.006389375498743188,5626.444140625,13.1899995803833,0.0053353426398474735,12.907999992370605
2024-07-17,5588.27001953125,-0.013927543241993745,5617.31611328125,14.479999542236328,0.09780136488947022,13.233999824523925
2024-07-18,5544.58984375,-0.007816403936922511,5609.32607421875,15.930000305175781,0.1001381774018697,13.835999870300293
2024-07-19,5505.0,-0.007140265531926926,5587.2560546875,16.520000457763672,0.037037045906157084,14.647999954223632
2024-07-22,5564.41015625,0.01079203564940956,5573.89404296875,14.90999984741211,-0.09745766136434542,15.005999946594239
2024-07-23,5555.740234375,-0.001558102589770738,5551.60205078125,14.720000267028809,-0.012743097406287318,15.31200008392334
2024-07-24,5427.1298828125,-0.02314909375473495,5519.3740234375,18.040000915527344,0.22554351822499452,16.024000358581542
2024-07-25,5399.22021484375,-0.005142620237842288,5490.30009765625,18.459999084472656,0.023281493771090345,16.530000114440917
2024-07-26,5459.10009765625,0.011090468702846357,5481.1201171875,16.389999389648438,-0.11213433355830271,16.50399990081787
2024-07-29,5463.5400390625,0.0008133101292933098,5460.94609375,16.600000381469727,0.012812751655983723,16.842000007629395
2024-07-30,5436.43994140625,-0.004960171878030217,5437.08603515625,17.690000534057617,0.06566265828551643,17.436000061035156
2024-07-31,5522.2998046875,0.0157933986591674,5456.12001953125,16.360000610351562,-0.07518371303299154,17.1
2024-08-01,5446.68017578125,-0.013693502993456064,5465.61201171875,18.59000015258789,0.13630803539367387,17.126000213623048
2024-08-02,5346.56005859375,-0.018381860868696753,5443.10400390625,23.389999389648438,0.2582032919667483,18.526000213623046
2024-08-05,5186.330078125,-0.02996879838863975,5387.66201171875,38.56999969482422,0.648995327118046,22.920000076293945
2024-08-06,5240.02978515625,0.010354085880061037,5348.37998046875,27.709999084472656,-0.2815660019776688,24.923999786376953
2024-08-07,5199.5,-0.007734647858502863,5283.82001953125,27.850000381469727,0.005052374652567915,27.221999740600587
2024-08-08,5319.31005859375,0.023042611519136447,5258.34599609375,23.790000915527344,-0.1457809483063327,28.261999893188477
2024-08-09,5344.16015625,0.004671676849538509,5257.866015625,20.3700008392334,-0.1437578791374391,27.658000183105468
2024-08-12,5344.39013671875,4.303397765514916e-05,5289.47802734375,20.709999084472656,0.01669112573546916,24.086000061035158
2024-08-13,5434.43017578125,0.016847579753558328,5328.35810546875,18.1200008392334,-0.12506027811373066,22.168000411987304
2024-08-14,5455.2099609375,0.0038237284285767004,5379.50009765625,16.190000534057617,-0.10651215318914042,19.836000442504883
2024-08-15,5543.22021484375,0.016133247764330783,5424.28212890625,15.229999542236328,-0.05929592094835401,18.12400016784668
2024-08-16,5554.25,0.001989779357261412,5466.30009765625,14.800000190734863,-0.028233707447526624,17.010000038146973
2024-08-19,5608.25,0.009722284736913167,5519.0720703125,14.649999618530273,-0.01013517366699046,15.798000144958497
2024-08-20,5597.1201171875,-0.0019845553982971165,5551.61005859375,15.880000114440918,0.08395908040535782,15.35
2024-08-21,5620.85009765625,0.004239676828782013,5584.7380859375,16.270000457763672,0.024559215397492062,15.365999984741212
2024-08-22,5570.64013671875,-0.008932805548120926,5590.2220703125,17.549999237060547,0.07867232595473528,15.829999923706055
2024-08-23,5634.60986328125,0.01148337085011919,5606.29404296875,15.859999656677246,-0.09629627657273676,16.04199981689453
2024-08-26,5616.83984375,-0.0031537266931381813,5608.01201171875,16.149999618530273,0.018284991685414864,16.341999816894532
2024-08-27,5625.7998046875,0.0015951960865450143,5613.74794921875,15.430000305175781,-0.044582001879948985,16.251999855041504
2024-08-28,5592.18017578125,-0.00597597320797616,5608.01396484375,17.110000610351562,0.10887882514248881,16.419999885559083
2024-08-29,5591.9599609375,-3.937906806072977e-05,5612.2779296875,15.649999618530273,-0.0853302711712346,16.039999961853027
2024-08-30,5648.39990234375,0.010093051774424433,5615.0359375,15.0,-0.041533522963198455,15.868000030517578
2024-09-03,5528.93017578125,-0.02115107439771169,5597.45400390625,20.719999313354492,0.38133328755696616,16.78199996948242
2024-09-04,5520.06982421875,-0.0016025435809103872,5576.3080078125,21.31999969482422,0.028957548327861904,17.95999984741211
2024-09-05,5503.41015625,-0.003018017615584734,5558.55400390625,19.899999618530273,-0.06660413211162819,18.51799964904785
2024-09-06,5408.419921875,-0.01726024985928465,5521.84599609375,22.3799991607666,0.12462309496363155,19.863999557495116
2024-09-09,5471.0498046875,0.0115800702824842,5486.3759765625,19.450000762939453,-0.13092039802055044,20.753999710083008
2024-09-10,5495.52001953125,0.004472672652839682,5479.6939453125,19.079999923706055,-0.019023178648836292,20.42599983215332
2024-09-11,5554.1298828125,0.010665025888896507,5486.50595703125,17.690000534057617,-0.07285112134206173,19.7
2024-09-12,5595.759765625,0.007495302358939249,5504.97587890625,17.06999969482422,-0.035048096128643014,19.13400001525879
2024-09-13,5626.02001953125,0.005407711405364557,5548.4958984375,16.559999465942383,-0.029876991095463934,17.970000076293946
2024-09-16,5633.08984375,0.0012566297656613212,5580.90390625,17.139999389648438,0.03502415111177348,17.50799980163574
2024-09-17,5634.580078125,0.00026455008109871336,5608.71591796875,17.610000610351562,0.027421309068831112,17.213999938964843
2024-09-18,5618.259765625,-0.002896455862498093,5621.54189453125,18.229999542236328,0.03520720672322497,17.321999740600585
2024-09-19,5713.64013671875,0.01697685316676334,5645.11796875,16.329999923706055,-0.10422378860340853,17.173999786376953
2024-09-20,5702.5498046875,-0.0019410273951238066,5660.42392578125,16.149999618530273,-0.011022676424785383,17.091999816894532
2024-09-23,5718.56982421875,0.0028092730585327352,5677.519921875,15.890000343322754,-0.01609902670890473,16.842000007629395
2024-09-24,5732.93017578125,0.0025111788443470395,5697.18994140625,15.390000343322754,-0.031466330345934046,16.397999954223632
2024-09-25,5722.259765625,-0.0018612489301417234,5717.98994140625,15.40999984741211,0.0012995129072905787,15.83400001525879
2024-09-26,5745.3701171875,0.00403867571712313,5724.3359375,15.369999885559082,-0.002595714617073419,15.642000007629395
2024-09-27,5738.169921875,-0.0012532169669905446,5731.4599609375,16.959999084472656,0.10344822451218505,15.803999900817871
2024-09-30,5762.47998046875,0.004236552581176722,5740.2419921875,16.729999542236328,-0.013561294495994303,15.971999740600586
2024-10-01,5708.75,-0.009324107094664358,5735.40595703125,19.260000228881836,0.15122538887453651,16.7459997177124
2024-10-02,5709.5400390625,0.00013839090212397487,5732.86201171875,18.899999618530273,-0.018691620253031727,17.443999671936034
2024-10-03,5699.93994140625,-0.001681413492255035,5723.7759765625,20.489999771118164,0.08412699389840173,18.46799964904785
2024-10-04,5751.06982421875,0.008970249395274354,5726.35595703125,19.209999084472656,-0.06246953152482426,18.91799964904785
2024-10-07,5695.93994140625,-0.009586022165882668,5713.04794921875,22.639999389648438,0.17855286145995874,20.099999618530273
2024-10-08,5751.1298828125,0.009689347495581924,5721.52392578125,21.420000076293945,-0.05388689691892423,20.531999588012695
2024-10-09,5792.0400390625,0.007113411987488272,5738.02392578125,20.860000610351562,-0.026143765823892218,20.923999786376953
2024-10-10,5780.0498046875,-0.002070122839989974,5754.0458984375,20.93000030517578,0.0033556899700895038,21.011999893188477
2024-10-11,5815.02978515625,0.006051847587953629,5766.837890625,20.459999084472656,-0.022455863060207304,21.261999893188477
2024-10-14,5859.85009765625,0.0077076668832223305,5799.619921875,19.700000762939453,-0.037145569674535084,20.67400016784668
2024-10-15,5815.259765625,-0.007609466332438197,5812.4458984375,20.639999389648438,0.047715664482478326,20.518000030517577
2024-10-16,5842.47021484375,0.004679145956573816,5822.53193359375,19.579999923706055,-0.051356564791082526,20.261999893188477
2024-10-17,5841.47021484375,-0.00017116047891174713,5834.816015625,19.110000610351562,-0.024004050826652468,19.897999954223632
2024-10-18,5864.669921875,0.00397155273894878,5844.74404296875,18.030000686645508,-0.05651490786039204,19.412000274658205
2024-10-21,5853.97998046875,-0.0018227694906369774,5843.57001953125,18.3700008392334,0.018857467534081795,19.14600028991699
2024-10-22,5851.2001953125,-0.0004748538883844189,5850.75810546875,18.200000762939453,-0.009254222565459602,18.658000564575197
2024-10-23,5797.419921875,-0.009191323428069387,5841.748046875,19.239999771118164,0.05714280025176999,18.590000534057616
2024-10-24,5809.85986328125,0.002145772011323821,5835.4259765625,19.079999923706055,-0.008316000484173136,18.584000396728516
2024-10-25,5808.1201171875,-0.00029944716993013376,5824.116015625,20.329999923706055,0.06551362709634656,19.044000244140626
2024-10-28,5823.52001953125,0.0026514435020339455,5818.0240234375,19.799999237060547,-0.026069881388808724,19.329999923706055
2024-10-29,5832.919921875,0.001614127248163344,5814.36796875,19.34000015258789,-0.023232277888761477,19.55799980163574
2024-10-30,5813.669921875,-0.003300233889343751,5817.61796875,20.350000381469727,0.05222338267389759,19.779999923706054
2024-10-31,5705.4501953125,-0.018614700871699585,5796.73603515625,23.15999984741211,0.13808350925148427,20.595999908447265
2024-11-01,5728.7998046875,0.004092509543626166,5780.87197265625,21.8799991607666,-0.055267732948130144,20.905999755859376
2024-11-04,5712.68994140625,-0.002812083478299976,5758.70595703125,21.979999542236328,0.004570401522182799,21.341999816894532
2024-11-05,5782.759765625,0.012265644545291332,5748.67392578125,20.489999771118164,-0.06778888999770039,21.571999740600585
2024-11-06,5929.0400390625,0.025295927786425976,5771.74794921875,16.270000457763672,-0.20595409275225196,20.755999755859374
2024-11-07,5973.10009765625,0.007431229727488331,5825.2779296875,15.199999809265137,-0.06576525005492273,19.16399974822998
2024-11-08,5995.5400390625,0.0037568333092317108,5878.6259765625,14.9399995803833,-0.017105278430553206,17.77599983215332
2024-11-11,6001.35009765625,0.0009690634297987444,5936.3580078125,14.970000267028809,0.002008078145122605,16.373999977111815
2024-11-12,5983.990234375,-0.00289265965137242,5976.6041015625,14.710000038146973,-0.017368084451840793,15.218000030517578
2024-11-13,5985.3798828125,0.00023222772482434095,5987.8720703125,14.020000457763672,-0.04690683742990798,14.768000030517578
2024-11-14,5949.169921875,-0.006049734794859041,5983.08603515625,14.3100004196167,0.020684732695029018,14.59000015258789
2024-11-15,5870.6201171875,-0.013203489851361216,5958.10205078125,16.139999389648438,0.1278825238553527,14.830000114440917
2024-11-18,5893.6201171875,0.003917814394541086,5936.5560546875,15.579999923706055,-0.03469637466662756,14.952000045776368
2024-11-19,5916.97998046875,0.003963584828470035,5923.15400390625,16.350000381469727,0.04942236595213734,15.280000114440918
2024-11-20,5917.10986328125,2.195086225209586e-05,5909.5,17.15999984741211,0.049541250583724494,15.907999992370605
2024-11-21,5948.7099609375,0.0053404615405816536,5909.4080078125,16.8700008392334,-0.016899709251596895,16.420000076293945
2024-11-22,5969.33984375,0.003467959094991535,5929.151953125,15.239999771118164,-0.0966212796103989,16.24000015258789
2024-11-25,5987.3701171875,0.003020480305938378,5947.901953125,14.600000381469727,-0.041994711237550164,16.044000244140626
2024-11-26,6021.6298828125,0.005722005647630368,5968.83193359375,14.100000381469727,-0.0342465744476691,15.594000244140625
2024-11-27,5998.740234375,-0.003801238017440034,5985.1580078125,14.100000381469727,0.0,14.982000350952148
2024-11-29,6032.3798828125,0.005607785488815242,6001.8919921875,13.510000228881836,-0.041843981320970114,14.310000228881837
2024-12-02,6047.14990234375,0.0024484564662998753,6017.45400390625,13.34000015258789,-0.012583277084667777,13.930000305175781
2024-12-03,6049.8798828125,0.0004514491145146682,6029.95595703125,13.300000190734863,-0.002998497855734139,13.670000267028808
2024-12-04,6086.490234375,0.006051417924264779,6042.92802734375,13.449999809265137,0.01127816664504766,13.54000015258789
2024-12-05,6075.10986328125,-0.0018697756269248078,6058.201953125,13.539999961853027,0.006691461253842901,13.42800006866455
2024-12-06,6090.27001953125,0.0024954538421815275,6069.77998046875,12.770000457763672,-0.056868501200791455,13.280000114440918
2024-12-09,6052.85009765625,-0.006144213927296471,6070.92001953125,14.1899995803833,0.1111980479026784,13.45
2024-12-10,6034.91015625,-0.002963883313944371,6067.92607421875,14.180000305175781,-0.0007046705780979767,13.626000022888183
2024-12-11,6084.18994140625,0.008165786048233592,6067.466015625,13.579999923706055,-0.04231314305760081,13.652000045776367
2024-12-12,6051.25,-0.005414022527810203,6062.69404296875,13.920000076293945,0.02503683022813319,13.728000068664551
2024-12-13,6051.08984375,-2.6466639124200775e-05,6054.8580078125,13.8100004196167,-0.00790227414327227,13.936000061035156
2024-12-16,6074.080078125,0.0037993543260221863,6059.10400390625,14.6899995803833,0.06372187791657047,14.036000061035157
2024-12-17,6050.60986328125,-0.003863994965801476,6062.2439453125,15.869999885559082,0.0803267759620312,14.373999977111817
2024-12-18,5872.16015625,-0.02949284635160343,6019.83798828125,27.6200008392334,0.7403907396600702,17.182000160217285
2024-12-19,5867.080078125,-0.0008651123249070469,5983.00400390625,24.09000015258789,-0.1278059587033482,19.216000175476076
2024-12-20,5930.85009765625,0.010869123768910471,5958.9560546875,18.360000610351562,-0.23785801186974165,20.126000213623048
2024-12-23,5974.06982421875,0.007287273468533639,5938.95400390625,16.780000686645508,-0.08605663786390261,20.54400043487549
2024-12-24,6040.0400390625,0.01104275925539211,5936.8400390625,14.270000457763672,-0.14958284422952606,20.224000549316408
2024-12-26,6037.58984375,-0.00040565878647391695,5969.9259765625,14.729999542236328,0.03223539381334706,17.64600028991699
2024-12-27,5970.83984375,-0.011055736101235558,5990.6779296875,15.949999809265137,0.08282418906603617,16.018000221252443
2024-12-30,5906.93994140625,-0.010701995701766776,5985.8958984375,17.399999618530273,0.0909090800379102,15.826000022888184
2024-12-31,5881.6298828125,-0.004284800394927402,5967.40791015625,17.350000381469727,-0.002873519434293592,15.939999961853028
2025-01-02,5868.5498046875,-0.0022238866412221947,5933.10986328125,17.93000030517578,0.03342938968033171,16.67199993133545
2025-01-03,5942.47021484375,0.01259602672149196,5914.0859375,16.1299991607666,-0.10039046925668937,16.951999855041503
2025-01-06,5975.3798828125,0.005538045085450305,5914.9939453125,16.040000915527344,-0.005579556721748813,16.970000076293946
2025-01-07,5909.02978515625,-0.01110391288210788,5915.4119140625,17.81999969482422,0.11097248614080613,17.054000091552734
2025-01-08,5918.25,0.001560360190925314,5922.7359375,17.700000762939453,-0.006733946910202238,17.12400016784668
2025-01-10,5827.0400390625,-0.01541164380306681,5914.433984375,19.540000915527344,0.1039548063998117,17.44600028991699
2025-01-13,5836.22021484375,0.0015754440882007614,5893.183984375,19.190000534057617,-0.017911994118260277,18.058000564575195
2025-01-14,5842.91015625,0.0011462798112440442,5866.6900390625,18.709999084472656,-0.025013102460996528,18.592000198364257
2025-01-15,5949.91015625,0.018312792279639112,5874.86611328125,16.1200008392334,-0.13842856076827315,18.252000427246095
2025-01-16,5937.33984375,-0.0021126894641922966,5878.68408203125,16.600000381469727,0.029776644990494594,18.03200035095215
2025-01-17,5996.66015625,0.009991058969353706,5912.60810546875,15.970000267028809,-0.03795181325081021,17.31800022125244
2025-01-21,6049.240234375,0.008768227105582893,5955.212109375,15.0600004196167,-0.05698183044435312,16.49200019836426
2025-01-22,6086.3701171875,0.006137941522227575,6003.9041015625,15.100000381469727,0.0026560398896751103,15.770000457763672
2025-01-23,6118.7099609375,0.00531348622041139,6037.6640625,15.020000457763672,-0.005298008058610915,15.550000381469726
2025-01-24,6101.240234375,-0.002855132319398823,6070.444140625,14.850000381469727,-0.011318247078086707,15.200000381469726
2025-01-27,6012.27978515625,-0.014580715690809543,6073.56806640625,17.899999618530273,0.20538714873478559,15.58600025177002
2025-01-28,6067.7001953125,0.009217869449967608,6077.26005859375,16.40999984741211,-0.08324021245093771,15.8560001373291
2025-01-29,6039.31005859375,-0.004678895760321544,6067.848046875,16.559999465942383,0.009140744663317601,16.147999954223632
2025-01-30,6071.169921875,0.005275414405311762,6058.3400390625,15.84000015258789,-0.04347822080763086,16.311999893188478
2025-01-31,6040.52978515625,-0.005046825754019935,6046.19794921875,16.43000030517578,0.03724748402174094,16.62799987792969
2025-02-03,5994.56982421875,-0.007608597684666707,6042.65595703125,18.6200008392334,0.1332927871807601,16.772000122070313
2025-02-04,6037.8798828125,0.007224881828679752,6036.69189453125,17.209999084472656,-0.07572511768043466,16.931999969482423
2025-02-05,6061.47998046875,0.003908672930614365,6041.12587890625,15.770000457763672,-0.08367220821110855,16.77400016784668
2025-02-06,6083.56982421875,0.003644298722618622,6043.605859375,15.5,-0.01712114457363567,16.706000137329102
2025-02-07,6025.990234375,-0.009464770111542897,6040.69794921875,16.540000915527344,0.06709683325982874,16.728000259399415
2025-02-10,6066.43994140625,0.006712541085862833,6055.07197265625,15.8100004196167,-0.04413545680190001,16.166000175476075
2025-02-11,6068.5,0.00033958278885926063,6061.19599609375,16.020000457763672,0.013282734508116123,15.928000450134277
2025-02-12,6051.97021484375,-0.0027238667143857365,6059.29404296875,15.890000343322754,-0.008114863341212808,15.952000427246094
2025-02-13,6115.06982421875,0.010426292122230674,6065.59404296875,15.100000381469727,-0.04971679954588537,15.87200050354004
2025-02-14,6114.6298828125,-7.194380749464546e-05,6083.32197265625,14.770000457763672,-0.021854299031079605,15.518000411987305
2025-02-18,6129.580078125,0.0024449877750611915,6095.95,15.350000381469727,0.03926878170143766,15.42600040435791
2025-02-19,6144.14990234375,0.0023769693899173827,6111.07998046875,15.270000457763672,-0.005211721284556381,15.27600040435791
2025-02-20,6117.52001953125,-0.0043341850761716705,6124.18994140625,15.65999984741211,0.025540234312838583,15.230000305175782
2025-02-21,6013.1298828125,-0.01706412670256352,6103.801953125,18.209999084472656,0.1628352019097845,15.852000045776368
2025-02-24,5983.25,-0.00496910650440241,6077.5259765625,18.979999542236328,0.04228448635234905,16.6939998626709
2025-02-25,5955.25,-0.004679730915472358,6042.6599609375,19.43000030517578,0.023709208313628327,17.50999984741211
2025-02-26,5956.06005859375,0.00013602428004699796,6005.0419921875,19.100000381469727,-0.016984041097423352,18.27599983215332
2025-02-27,5861.56982421875,-0.015864553655509872,5953.851953125,21.1299991607666,0.1062826564792283,19.36999969482422
2025-02-28,5954.5,0.01585414463498891,5942.1259765625,19.6299991607666,-0.07098911782188544,19.653999710083006
2025-03-03,5849.72021484375,-0.0175967394669998,5915.42001953125,22.780000686645508,0.16046875499488777,20.413999938964842
2025-03-04,5778.14990234375,-0.012234826602200433,5880.0,23.510000228881836,0.032045633021612785,21.229999923706053
2025-03-05,5842.6298828125,0.011159277893187936,5857.31396484375,21.93000030517578,-0.06720544059225653,21.795999908447264
2025-03-06,5738.52001953125,-0.017819007085749905,5832.70400390625,24.8700008392334,0.1340629499838053,22.544000244140626
2025-03-07,5770.2001953125,0.00552061780274804,5795.84404296875,23.3700008392334,-0.06031362884530711,23.292000579833985
2025-03-10,5614.56005859375,-0.0269730913054258,5748.81201171875,27.860000610351562,0.1921266414154501,24.308000564575195
2025-03-11,5572.06982421875,-0.007567865323653167,5707.59599609375,26.920000076293945,-0.03374014764767641,24.990000534057618
2025-03-12,5599.2998046875,0.004886869929446425,5658.92998046875,24.229999542236328,-0.09992572535044164,25.450000381469728
2025-03-13,5521.52001953125,-0.013890984206835322,5615.52998046875,24.65999984741211,0.017746608060236646,25.408000183105468
2025-03-14,5638.93994140625,0.021265869083087807,5589.2779296875,21.770000457763672,-0.1171938121464231,25.088000106811524
2025-03-17,5675.1201171875,0.006416130719105961,5601.38994140625,20.510000228881836,-0.0578778228014456,23.618000030517578
2025-03-18,5614.66015625,-0.010653512117636543,5609.9080078125,21.700000762939453,0.05802050320710772,22.57400016784668
2025-03-19,5675.2900390625,0.010798495567894584,5625.1060546875,19.899999618530273,-0.08294935857713559,21.70800018310547
2025-03-20,5662.89013671875,-0.0021848931523151816,5653.380078125,19.799999237060547,-0.005025144893802347,20.736000061035156
2025-03-21,5667.56005859375,0.0008246534476661349,5659.1041015625,19.280000686645508,-0.02626255406322109,20.238000106811523
2025-03-24,5767.56982421875,0.017646000146633645,5677.59404296875,17.479999542236328,-0.09336105188294774,19.631999969482422
2025-03-25,5776.64990234375,0.0015743334544251475,5709.9919921875,17.149999618530273,-0.018878714665219953,18.721999740600587
2025-03-26,5712.2001953125,-0.011156934922627149,5717.3740234375,18.329999923706055,0.06880468404796991,18.407999801635743
2025-03-27,5693.31005859375,-0.003306980860763864,5723.4580078125,18.690000534057617,0.019639967913255507,18.186000061035156
2025-03-28,5580.93994140625,-0.01973722070834405,5706.133984375,21.649999618530273,0.15837340823392898,18.65999984741211
2025-03-31,5611.85009765625,0.005538521570653376,5674.9900390625,22.280000686645508,0.029099357007656312,19.620000076293945
2025-04-01,5633.06982421875,0.0037812354559083605,5646.2740234375,21.770000457763672,-0.02289049430718948,20.544000244140626
2025-04-02,5670.97021484375,0.006728194715792668,5638.02802734375,21.510000228881836,-0.011943051144452932,21.18000030517578
2025-04-03,5396.52001953125,-0.04839563335990149,5578.67001953125,30.020000457763672,0.395629945993925,23.44600028991699
2025-04-04,5074.080078125,-0.05974960534553109,5477.298046875,45.310001373291016,0.5093271379872046,28.17800064086914
2025-04-07,5062.25,-0.0023314724921273955,5367.37802734375,46.97999954223633,0.03685716438600095,33.1180004119873
2025-04-08,4982.77001953125,-0.015700524562941354,5237.31806640625,52.33000183105469,0.11387829589075582,39.23000068664551
2025-04-09,5456.89990234375,0.09515387644904849,5194.50400390625,33.619998931884766,-0.35753873962348437,41.652000427246094
2025-04-10,5268.0498046875,-0.03460757958472693,5168.8099609375,40.720001220703125,0.21118389394369697,43.79200057983398
2025-04-11,5363.35986328125,0.018092095201708958,5226.66591796875,37.560001373291016,-0.07760313734483593,42.242000579833984
2025-04-14,5405.97021484375,0.007944712390868913,5295.4099609375,30.889999389648438,-0.17758258093104407,39.024000549316405
2025-04-15,5396.6298828125,-0.0017277808903947145,5378.18193359375,30.1200008392334,-0.024927114458703215,34.58200035095215
2025-04-16,5275.7001953125,-0.0224083715440897,5341.9419921875,32.63999938964844,0.08366528818726215,34.38600044250488
2025-04-17,5282.7001953125,0.0013268380955802073,5344.8720703125,29.649999618530273,-0.09160538685752617,32.172000122070315
2025-04-21,5158.2001953125,-0.023567493023827546,5303.84013671875,33.81999969482422,0.14064081382610993,31.423999786376953
2025-04-22,5287.759765625,0.025117204723895226,5280.198046875,30.56999969482422,-0.09609698490025054,31.35999984741211
2025-04-23,5375.85986328125,0.01666113847096007,5276.04404296875,28.450000762939453,-0.06934900075395489,31.02599983215332
2025-04-24,5484.77001953125,0.020259113708281262,5317.8580078125,26.469999313354492,-0.0695958311594923,29.79199981689453
2025-04-25,5525.2099609375,0.007373133469998461,5366.3599609375,24.84000015258789,-0.06157911609556577,28.829999923706055
2025-04-28,5528.75,0.0006407067039131409,5440.469921875,25.149999618530273,0.01247984959895776,27.095999908447265
2025-04-29,5560.830078125,0.005802410694099036,5495.083984375,24.170000076293945,-0.038966185172991996,25.81599998474121
2025-04-30,5569.06005859375,0.00147999135976562,5533.7240234375,24.700000762939453,0.021928038269446892,25.06599998474121
2025-05-01,5604.14013671875,0.006299102138585644,5557.598046875,24.600000381469727,-0.004048598315015806,24.69200019836426
2025-05-02,5686.669921875,0.01472657412963474,5589.8900390625,22.68000030517578,-0.07804878237889012,24.260000228881836
2025-05-05,5650.3798828125,-0.006381597588933863,5614.216015625,23.639999389648438,0.042328001391321646,23.95800018310547
2025-05-06,5606.91015625,-0.007693239651855532,5623.43203125,24.760000228881836,0.04737736328892761,24.076000213623047
2025-05-07,5631.27978515625,0.00434635623313584,5635.8759765625,23.549999237060547,-0.048869183385945925,23.845999908447265
2025-05-08,5663.93994140625,0.005799775094835535,5647.8359375,22.479999542236328,-0.04543523267467309,23.421999740600587
2025-05-09,5659.91015625,-0.0007114809122162891,5642.483984375,21.899999618530273,-0.025800708875297285,23.265999603271485
2025-05-12,5844.18994140625,0.032558782749008364,5681.24599609375,18.389999389648438,-0.16027398584573105,22.215999603271484
2025-05-13,5886.5498046875,0.0072482009835321826,5737.17392578125,18.219999313354492,-0.009244158887228515,20.907999420166014
2025-05-14,5892.580078125,0.001024415597859818,5789.433984375,18.6200008392334,0.021953981391520827,19.921999740600587
2025-05-15,5916.93017578125,0.004132332074135769,5840.03203125,17.829999923706055,-0.0424275445714678,18.99199981689453
2025-05-16,5958.3798828125,0.007005272294898557,5899.7259765625,17.239999771118164,-0.03309030595134499,18.059999847412108
2025-05-19,5963.60009765625,0.0008761131291423752,5923.6080078125,18.139999389648438,0.05220415490016572,18.00999984741211
2025-05-20,5940.4599609375,-0.0038802294486252054,5934.3900390625,18.09000015258789,-0.0027562976153725494,17.98400001525879
2025-05-21,5844.60986328125,-0.01613513066101424,5924.79599609375,20.8700008392334,0.1536761007847649,18.43400001525879
2025-05-22,5842.009765625,-0.00044487103794299543,5909.8119140625,20.280000686645508,-0.02827025054444432,18.92400016784668
2025-05-23,5802.81982421875,-0.006708297825321674,5878.69990234375,22.290000915527344,0.09911243396581493,19.934000396728514
2025-05-27,5921.5400390625,0.0204590558452733,5870.287890625,18.959999084472656,-0.14939442325168273,20.09800033569336
2025-05-28,5888.5498046875,-0.005571225417268844,5859.905859375,19.309999465942383,0.018459936622906348,20.342000198364257
2025-05-29,5912.169921875,0.004011194261904327,5873.41787109375,19.18000030517578,-0.0067322198012426115,20.004000091552733
2025-05-30,5911.68994140625,-8.118516130162234e-05,5887.35390625,18.56999969482422,-0.03180399377715093,19.661999893188476
2025-06-02,5935.93994140625,0.0041020419271569075,5913.9779296875,18.360000610351562,-0.01130851308151537,18.87599983215332
2025-06-03,5970.3701171875,0.005800290454605506,5923.7439453125,17.690000534057617,-0.03649237766997637,18.62200012207031
2025-06-04,5970.81005859375,7.36874595066439e-05,5940.19599609375,17.610000610351562,-0.004522324550077617,18.28200035095215
2025-06-05,5939.2998046875,-0.005277383403094138,5945.62197265625,18.479999542236328,0.04940368550432428,18.142000198364258
2025-06-06,6000.35986328125,0.010280683010067904,5963.35595703125,16.770000457763672,-0.0925324202830431,17.78200035095215
2025-06-09,6005.8798828125,0.0009199480792858594,5977.3439453125,17.15999984741211,0.0232557769232431,17.542000198364256
2025-06-10,6038.81005859375,0.00548298940767844,5991.03193359375,16.950000762939453,-0.012237708994171426,17.394000244140624
2025-06-11,6022.240234375,-0.002743888954607865,6001.31796875,17.260000228881836,0.01828905321468688,17.32400016784668
2025-06-12,6045.259765625,0.0038224199557175265,6022.5099609375,18.020000457763672,0.04403245763636199,17.23200035095215
2025-06-13,5976.97021484375,-0.011296379879250695,6017.83203125,20.81999969482422,0.15538286159444614,18.042000198364256
2025-06-16,6033.10986328125,0.009392659896159117,6023.27802734375,19.110000610351562,-0.08213252207192667,18.432000350952148
2025-06-17,5982.72021484375,-0.008352184790166306,6012.06005859375,21.600000381469727,0.130298257016767,19.362000274658204
2025-06-18,5980.8701171875,-0.0003092402101070313,6003.78603515625,20.139999389648438,-0.06759263731651588,19.938000106811522
2025-06-20,5967.83984375,-0.002178658486505891,5988.30205078125,20.6200008392334,0.023833240522920462,20.45800018310547
2025-06-23,6025.169921875,0.009606504133156335,5997.9419921875,19.829999923706055,-0.03831236097838653,20.260000228881836
2025-06-24,6092.18017578125,0.01112172017970181,6009.7560546875,17.479999542236328,-0.11850733184624906,19.93400001525879
2025-06-25,6092.16015625,-3.2861029504172024e-06,6031.64404296875,16.760000228881836,-0.041189893147009715,18.96599998474121
2025-06-26,6141.02001953125,0.008020121275230219,6063.6740234375,16.59000015258789,-0.010143202504316884,18.256000137329103
2025-06-27,6173.06982421875,0.005218970885222163,6104.72001953125,16.31999969482422,-0.01627489181918751,17.395999908447266
2025-06-30,6204.9501953125,0.005164427424532603,6140.67607421875,16.729999542236328,0.02512254013963844,16.77599983215332
2025-07-01,6198.009765625,-0.001118531087121899,6161.8419921875,16.829999923706055,0.005977309277102272,16.645999908447266
2025-07-02,6227.419921875,0.004745096791088033,6188.8939453125,16.639999389648438,-0.011289396014196651,16.621999740600586
2025-07-03,6279.35009765625,0.008338955206607324,6216.5599609375,16.3799991607666,-0.015625014328040088,16.57999954223633
2025-07-07,6229.97998046875,-0.007862297279128794,6227.9419921875,17.790000915527344,0.08608069761920256,16.873999786376952
2025-07-08,6225.52001953125,-0.0007158868810946961,6232.05595703125,16.809999465942383,-0.055087206247954934,16.889999771118163
2025-07-09,6263.259765625,0.0060621034026635545,6245.10595703125,15.9399995803833,-0.05175490262933857,16.711999702453614
2025-07-10,6280.4599609375,0.0027462050044453346,6255.71396484375,15.779999732971191,-0.010037631845926431,16.539999771118165
2025-07-11,6259.75,-0.0032975229626984737,6251.7939453125,16.399999618530273,0.03929023422374556,16.543999862670898
2025-07-14,6268.56005859375,0.001407413809457303,6259.5099609375,17.200000762939453,0.048780558720578515,16.42599983215332
2025-07-15,6243.759765625,-0.003956298214731202,6263.15791015625,17.3799991607666,0.010465022665288926,16.539999771118165
2025-07-16,6263.7001953125,0.003193657417327689,6263.24599609375,17.15999984741211,-0.012658188951534366,16.783999824523924
2025-07-17,6297.35986328125,0.00537376740890938,6266.6259765625,16.520000457763672,-0.03729600205940298,16.931999969482423
2025-07-18,6296.7900390625,-9.048620868445933e-05,6274.033984375,16.40999984741211,-0.006658632403358511,16.93400001525879
2025-07-21,6305.60009765625,0.001399134882868358,6281.4419921875,16.649999618530273,0.014625214707483014,16.82399978637695
2025-07-22,6309.6201171875,0.0006375316336257875,6294.6140625,16.5,-0.00900898630432001,16.647999954223632
2025-07-23,6358.91015625,0.007811886951519131,6313.6560546875,15.369999885559082,-0.06848485542066174,16.289999961853027
2025-07-24,6363.35009765625,0.0006982236416543941,6326.8541015625,15.390000343322754,0.0013012659669868754,16.063999938964844
2025-07-25,6388.64013671875,0.00397432777929585,6345.22412109375,14.930000305175781,-0.02988954047337322,15.768000030517578
2025-07-28,6389.77001953125,0.00017685810881817865,6362.05810546875,15.029999732971191,0.0066978851809362805,15.444000053405762
2025-07-29,6370.85986328125,-0.002959442388724254,6374.3060546875,15.979999542236328,0.0632069079270261,15.339999961853028
2025-07-30,6362.89990234375,-0.0012494327466496813,6375.10400390625,15.479999542236328,-0.03128911228554565,15.361999893188477
2025-07-31,6339.39013671875,-0.0036948193411530106,6370.31201171875,16.719999313354492,0.0801033467562382,15.627999687194825
2025-08-01,6238.009765625,-0.015992133140148468,6340.1859375,20.3799991607666,0.21889952139464608,16.71799945831299
2025-08-04,6329.93994140625,0.01473710033091602,6328.219921875,17.520000457763672,-0.14033360258957683,17.215999603271484
2025-08-05,6299.18994140625,-0.004857865996303334,6313.8859375,17.850000381469727,0.0188356115915409,17.589999771118165
2025-08-06,6345.06005859375,0.007281907295092482,6310.31796875,16.770000457763672,-0.06050419611347535,17.84799995422363
2025-08-07,6340.0,-0.0007974800154801898,6310.43994140625,16.56999969482422,-0.01192610360644697,17.818000030517577
2025-08-08,6389.4501953125,0.007799715348974834,6340.72802734375,15.149999618530273,-0.08569704903117736,16.772000122070313
2025-08-11,6373.4501953125,-0.0025041278217863283,6349.430078125,16.25,0.07260728773380909,16.518000030517577
2025-08-12,6445.759765625,0.01134543584661274,6378.74404296875,14.729999542236328,-0.09353848970853362,15.8939998626709
2025-08-13,6466.580078125,0.0032300788824048965,6403.048046875,14.489999771118164,-0.01629326399026665,15.437999725341797
2025-08-14,6468.5400390625,0.00030309080129242716,6428.7560546875,14.829999923706055,0.023464469148273492,15.089999771118164
2025-08-15,6449.7998046875,-0.0028971350972291088,6440.8259765625,15.09000015258789,0.017532045193487944,15.077999877929688
2025-08-18,6449.14990234375,-0.00010076318078544588,6455.96591796875,14.989999771118164,-0.006626930447881874,14.82599983215332
2025-08-19,6411.3701171875,-0.005858103118756786,6449.08798828125,15.569999694824219,0.038692457142231795,14.993999862670899
2025-08-20,6395.77978515625,-0.0024316693228262354,6434.9279296875,15.6899995803833,0.007707121895382807,15.233999824523925
2025-08-21,6370.169921875,-0.004004181529308926,6415.25390625,16.600000381469727,0.05799877791100583,15.58799991607666
2025-08-22,6466.91015625,0.015186444876893468,6418.6759765625,14.220000267028809,-0.1433734975751969,15.413999938964844
2025-08-25,6439.31982421875,-0.004266385548063467,6416.7099609375,14.789999961853027,0.040084365971908564,15.373999977111817
2025-08-26,6465.93994140625,0.004133995191134998,6427.62392578125,14.619999885559082,-0.011494258061691465,15.184000015258789
2025-08-27,6481.39990234375,0.0023909843081744153,6444.74794921875,14.850000381469727,0.015731908188168164,15.016000175476075
2025-08-28,6501.85986328125,0.0031567194195349924,6471.0859375,14.430000305175781,-0.028282832693932725,14.582000160217286
2025-08-29,6460.259765625,-0.00639818429357164,6469.755859375,15.359999656677246,0.06444901814505788,14.810000038146972
2025-09-02,6415.5400390625,-0.006922279936861564,6464.99990234375,17.170000076293945,0.11783857161935951,15.286000061035157
2025-09-03,6448.259765625,0.0051000736279842585,6461.4638671875,16.350000381469727,-0.047757698962177964,15.632000160217284
2025-09-04,6502.080078125,0.008346486409699372,6465.59990234375,15.300000190734863,-0.06422019365362708,15.722000122070312
2025-09-05,6481.5,-0.003165152978388819,6461.5279296875,15.180000305175781,-0.007843129677328364,15.872000122070313
2025-09-08,6495.14990234375,0.0021059789159529885,6468.50595703125,15.109999656677246,-0.0046113733261696765,15.822000122070312
2025-09-09,6512.60986328125,0.0026881536531127015,6487.919921875,15.039999961853027,-0.004632673488730754,15.396000099182128
2025-09-10,6532.0400390625,0.002983469943562689,6504.6759765625,15.350000381469727,0.02061173007998507,15.196000099182129
2025-09-11,6587.47021484375,0.008485890387959882,6521.75400390625,14.710000038146973,-0.04169383240506963,15.07800006866455
2025-09-12,6584.2900390625,-0.00048276131466740146,6542.31201171875,14.760000228881836,0.003399061224010902,14.994000053405761
2025-09-15,6615.27978515625,0.004706619226962694,6566.33798828125,15.6899995803833,0.0630080851680257,15.110000038146973
2025-09-16,6606.759765625,-0.0012879303382402618,6585.16796875,16.360000610351562,0.04270242497685861,15.37400016784668
2025-09-17,6600.35009765625,-0.0009701681605103207,6598.82998046875,15.720000267028809,-0.03911982392701152,15.448000144958495
2025-09-18,6631.9599609375,0.004789119185128365,6607.7279296875,15.699999809265137,-0.0012722937292578562,15.646000099182128
2025-09-19,6664.35986328125,0.004885418870829605,6623.74189453125,15.449999809265137,-0.01592356707243181,15.784000015258789
2025-09-22,6693.75,0.004410046474333074,6639.4359375,16.100000381469727,0.04207123496628107,15.866000175476074
2025-09-23,6656.919921875,-0.005502159197012135,6649.46796875,16.639999389648438,0.0335403102723042,15.92199993133545
2025-09-24,6637.97021484375,-0.002846617843333288,6656.9919921875,16.18000030517578,-0.02764417676354103,16.013999938964844
2025-09-25,6604.72021484375,-0.0050090613431266195,6651.54404296875,16.739999771118164,0.03461059674784095,16.22199993133545
2025-09-26,6643.7001953125,0.005901836747171263,6647.412109375,15.289999961853027,-0.08661886673181729,16.189999961853026
2025-09-29,6661.2099609375,0.00263554421636214,6640.9041015625,16.1200008392334,0.05428390316881204,16.194000053405762
2025-09-30,6688.4599609375,0.0040908483833717035,6647.212109375,16.280000686645508,0.00992554833016479,16.122000312805177
2025-10-01,6711.2001953125,0.003399920834961989,6661.85810546875,16.290000915527344,0.0006142646474234237,16.144000434875487
2025-10-02,6715.35009765625,0.0006183547238911569,6683.98408203125,16.6299991607666,0.020871591536571144,16.122000312805177
2025-10-03,6715.7900390625,6.551280273581206e-05,6698.40205078125,16.649999618530273,0.001202673407877164,16.394000244140624
2025-10-06,6740.27978515625,0.0036465919796933033,6714.216015625,16.3700008392334,-0.016816743886603813,16.444000244140625
2025-10-07,6714.58984375,-0.0038114057910215715,6719.4419921875,17.239999771118164,0.05314593080531016,16.636000061035155
2025-10-08,6753.72021484375,0.0058276636405680815,6727.94599609375,16.299999237060547,-0.0545243936506532,16.637999725341796
2025-10-09,6735.10986328125,-0.002755570407195318,6731.89794921875,16.43000030517578,0.007975526024544655,16.59799995422363
2025-10-10,6552.509765625,-0.02711167321141361,6699.24189453125,21.65999984741211,0.3183201123002275,17.6
2025-10-13,6654.72021484375,0.015598671787557583,6682.12998046875,19.030000686645508,-0.12142193810222157,18.131999969482422
2025-10-14,6644.31005859375,-0.0015643266604626893,6668.0740234375,20.809999465942383,0.09353645376092956,18.845999908447265
2025-10-15,6671.06005859375,0.004026001159503689,6651.5419921875,20.639999389648438,-0.008169153323245748,19.713999938964843
2025-10-16,6629.06982421875,-0.006294387099829435,6630.333984375,25.309999465942383,0.22625970030968534,21.489999771118164
2025-10-17,6664.009765625,0.0052707155502571545,6652.633984375,20.780000686645508,-0.1789805956097521,21.313999938964844
2025-10-20,6735.1298828125,0.010672270853256949,6668.71591796875,18.229999542236328,-0.12271419923715232,21.153999710083006
2025-10-21,6735.35009765625,3.2696450934288634e-05,6686.92392578125,17.8700008392334,-0.01974759802757342,20.56599998474121
2025-10-22,6699.39990234375,-0.005337539220865439,6692.59189453125,18.600000381469727,0.04085056004214738,20.158000183105468
2025-10-23,6738.43994140625,0.0058273934429324825,6714.46591796875,17.299999237060547,-0.06989253321222011,18.5560001373291
2025-10-24,6791.68994140625,0.00790242258787388,6740.001953125,16.3700008392334,-0.05375713519309755,17.67400016784668
2025-10-27,6875.16015625,0.012290050865671143,6768.0080078125,15.789999961853027,-0.03543071763260408,17.186000251770018
2025-10-28,6890.89013671875,0.0022879438603986557,6799.116015625,16.420000076293945,0.03989867738840602,16.896000099182128
2025-10-29,6890.58984375,-4.3578255173426506e-05,6837.35400390625,16.920000076293945,0.03045066977325206,16.560000038146974
2025-10-30,6822.33984375,-0.00990481243951924,6854.133984375,16.90999984741211,-0.0005910300730935791,16.482000160217286
2025-10-31,6840.2001953125,0.0026179217059763005,6863.83603515625,17.440000534057617,0.03134244183488977,16.69600009918213
2025-11-03,6851.97021484375,0.0017207127269924793,6859.198046875,17.170000076293945,-0.01548167714997506,16.972000122070312
2025-11-04,6771.5498046875,-0.011736830084583816,6835.32998046875,19.0,0.10658124144289749,17.488000106811523
2025-11-05,6796.2900390625,0.0036535556982648654,6816.47001953125,18.010000228881836,-0.05210525111148234,17.706000137329102
2025-11-06,6720.31982421875,-0.011178189042419073,6796.066015625,19.5,0.08273180189796547,18.22400016784668
2025-11-07,6728.7998046875,0.0012618418007710464,6773.7859375,19.079999923706055,-0.0215384654509716,18.552000045776367
2025-11-10,6832.43017578125,0.01540101862170995,6769.8779296875,17.600000381469727,-0.07756811049026757,18.638000106811525
2025-11-11,6846.60986328125,0.002075350517340535,6784.88994140625,17.280000686645508,-0.018181800448205276,18.294000244140626
2025-11-12,6850.919921875,0.0006295171887717999,6795.81591796875,17.510000228881836,0.013310158165333874,18.194000244140625
2025-11-13,6737.490234375,-0.01655685496159698,6799.25,20.0,0.1422044396670561,18.294000244140626
2025-11-14,6734.10986328125,-0.0005017255648851471,6800.31201171875,19.829999923706055,-0.008500003814697288,18.444000244140625
2025-11-17,6672.41015625,-0.00916226617680782,6768.3080078125,22.3799991607666,0.12859300286794828,19.4
2025-11-18,6617.31982421875,-0.008256436690967983,6722.45,24.690000534057617,0.10321722340993555,20.881999969482422
2025-11-19,6642.16015625,0.0037538357962292324,6680.698046875,23.65999984741211,-0.041717321359500015,22.111999893188475
2025-11-20,6538.759765625,-0.015567283563270418,6640.951953125,26.420000076293945,0.11665258861714323,23.395999908447266
2025-11-21,6602.990234375,0.009823035415319481,6614.72802734375,23.43000030517578,-0.11317183052550484,24.11599998474121
2025-11-24,6705.1201171875,0.015467217001293498,6621.27001953125,20.520000457763672,-0.12419973578785137,23.744000244140626
2025-11-25,6765.8798828125,0.009061696817220577,6650.98203125,18.559999465942383,-0.09551661540434953,22.518000030517577
2025-11-26,6812.60986328125,0.006906711511012631,6685.07197265625,17.190000534057617,-0.07381459974709137,21.22400016784668
2025-11-28,6849.08984375,0.005354773163420257,6747.13798828125,16.350000381469727,-0.04886562690464402,19.210000228881835
2025-12-01,6812.6298828125,-0.005323329342915684,6789.06591796875,17.239999771118164,0.05443421216412436,17.972000122070312
2025-12-02,6829.3701171875,0.002457235261999813,6813.91591796875,16.59000015258789,-0.03770299461483784,17.186000061035156
2025-12-03,6849.72021484375,0.0029797912994984355,6830.683984375,16.079999923706055,-0.03074142400187263,16.690000152587892
2025-12-04,6857.1201171875,0.0010803218396737702,6839.58603515625,15.779999732971191,-0.01865672836805088,16.407999992370605
2025-12-05,6870.39990234375,0.001936641757662061,6843.848046875,15.40999984741211,-0.023447394918898135,16.219999885559083
2025-12-08,6846.509765625,-0.003477255626794018,6850.6240234375,16.65999984741211,0.08111615914194314,16.103999900817872
2025-12-09,6840.509765625,-0.0008763589340257116,6852.851953125,16.93000030517578,0.016206510218282677,16.17199993133545
2025-12-10,6886.68017578125,0.00674955693920154,6860.2439453125,15.770000457763672,-0.06851741444195236,16.11000003814697
2025-12-11,6901.0,0.002079350841514227,6869.019921875,14.850000381469727,-0.05833862077290075,15.92400016784668
2025-12-12,6827.41015625,-0.010663649289958,6860.42197265625,15.739999771118164,0.059932617291983625,15.990000152587891
2025-12-15,6816.509765625,-0.0015965630269072495,6854.42197265625,16.5,0.04828464040237068,15.958000183105469
2025-12-16,6800.259765625,-0.0023839179519623555,6846.37197265625,16.479999542236328,-0.0012121489553740261,15.868000030517578
2025-12-17,6721.43017578125,-0.011592143912241393,6813.32197265625,17.6200008392334,0.06917483790429602,16.238000106811523
2025-12-18,6774.759765625,0.007934262269941872,6788.07392578125,16.8700008392334,-0.04256526471497213,16.642000198364258
2025-12-19,6834.5,0.008818059450332205,6789.49189453125,14.90999984741211,-0.11618262562637516,16.476000213623045
2025-12-22,6878.490234375,0.006436496360377575,6801.88798828125,14.079999923706055,-0.05566733281020897,15.992000198364257
2025-12-23,6909.7900390625,0.004550388765703239,6823.79404296875,14.0,-0.005681812794001595,15.496000289916992
2025-12-24,6932.0498046875,0.0032214822012188726,6865.91796875,13.470000267028809,-0.03785712378365658,14.666000175476075
2025-12-26,6929.93994140625,-0.00030436354912266594,6896.95400390625,13.600000381469727,0.0096510847708835,14.01200008392334
